{"baseline": 95.97368421052632, "head_scores": [5.504003973619361, 0, 0, 2.913620071684588, 0.0, 22.056577016771612], "n_head": 6}