{"steps": [8000, 16000, 24000, 32000, 40000, 48000, 56000, 64000, 72000, 80000], "final_sims": [0.8272309899330139, 0.8785127997398376, 0.9094916582107544, 0.9248570203781128, 0.939136266708374, 0.9485591650009155, 0.9532538652420044, 0.956141471862793, 0.9587159752845764, 0.9611584544181824], "consecutive_sims": [1.0, 0.9794089794158936, 0.990329384803772, 0.9962617754936218, 0.9963762760162354, 0.9983468055725098, 0.9996017217636108, 0.9998520612716675, 0.9998859167098999, 0.9998965263366699], "norms": [9.0468168258667, 9.202651977539062, 9.202193260192871, 9.142375946044922, 9.117623329162598, 9.094450950622559, 9.07207202911377, 9.053247451782227, 9.036301612854004, 9.018576622009277], "fidelity_scores": [100.0, 100.0, 99.0, 100.0, 100.0, 100.0, 100.0, 100.0, 98.75, 100.0]}