{"steps": [8000, 16000, 24000, 32000, 40000, 48000, 56000, 64000, 72000, 80000, 88000, 96000, 104000, 112000, 120000, 128000, 136000, 144000, 152000, 160000, 168000, 176000, 184000, 192000, 200000, 208000, 216000, 224000, 232000, 240000, 248000, 256000, 264000, 272000, 280000, 288000, 296000, 304000, 312000, 320000, 328000, 336000, 344000], "final_sims": [0.7855268716812134, 0.8472387194633484, 0.88514244556427, 0.9046899080276489, 0.9207378625869751, 0.9318572282791138, 0.937724232673645, 0.9413415193557739, 0.9445462226867676, 0.9475896954536438, 0.9502093195915222, 0.953072190284729, 0.9558686017990112, 0.9586514234542847, 0.9614195823669434, 0.9641366004943848, 0.9667395353317261, 0.9692353010177612, 0.9716106653213501, 0.9738802909851074, 0.9760528802871704, 0.9781256914138794, 0.9801151752471924, 0.9820119142532349, 0.9838131070137024, 0.9855296015739441, 0.9871584177017212, 0.9887000918388367, 0.9901432991027832, 0.9914978742599487, 0.9927487373352051, 0.9939071536064148, 0.9949729442596436, 0.9959241151809692, 0.9967761635780334, 0.997526228427887, 0.9981752634048462, 0.9987270832061768, 0.9991780519485474, 0.9995302557945251, 0.9997820854187012, 0.9999391436576843, 1.0000026226043701], "consecutive_sims": [1.0, 0.9724323153495789, 0.9848073720932007, 0.9936853051185608, 0.9948388338088989, 0.997606635093689, 0.9993711709976196, 0.9997708797454834, 0.999828577041626, 0.9998464584350586, 0.9998716115951538, 0.9998666048049927, 0.9998722076416016, 0.9998701810836792, 0.9998646378517151, 0.999866247177124, 0.9998780488967896, 0.9998889565467834, 0.999897837638855, 0.9999050498008728, 0.9999114274978638, 0.9999152421951294, 0.9999167919158936, 0.9999194145202637, 0.9999223947525024, 0.9999241232872009, 0.9999249577522278, 0.9999258518218994, 0.9999276399612427, 0.9999288320541382, 0.9999303817749023, 0.9999330043792725, 0.999933123588562, 0.9999338388442993, 0.9999343156814575, 0.9999345541000366, 0.9999345541000366, 0.9999352693557739, 0.9999370574951172, 0.9999376535415649, 0.9999371767044067, 0.9999376535415649, 0.9999391436576843], "norms": [6.646473407745361, 6.798600673675537, 6.976384162902832, 7.051889419555664, 7.060708045959473, 7.0453362464904785, 7.018514633178711, 6.993762493133545, 6.968998432159424, 6.943775177001953, 6.916285991668701, 6.891048908233643, 6.8653998374938965, 6.84020471572876, 6.8154449462890625, 6.79090690612793, 6.766753196716309, 6.743117332458496, 6.719789981842041, 6.696898937225342, 6.674517631530762, 6.652586460113525, 6.63083553314209, 6.609562873840332, 6.588962078094482, 6.568454742431641, 6.548628807067871, 6.529242038726807, 6.510204315185547, 6.491777420043945, 6.473566055297852, 6.4556193351745605, 6.4380903244018555, 6.421013832092285, 6.404468536376953, 6.388027667999268, 6.372162818908691, 6.356678009033203, 6.341480731964111, 6.326722621917725, 6.312363624572754, 6.298156261444092, 6.2843427658081055], "fidelity_scores": []}