{"steps": [8000, 16000, 24000, 32000, 40000, 48000, 56000, 64000, 72000, 80000, 88000, 96000, 104000, 112000, 120000, 128000, 136000, 144000, 152000, 160000, 168000, 176000, 184000, 192000, 200000, 208000, 216000, 224000, 232000, 240000, 248000, 256000, 264000, 272000, 280000, 288000, 296000, 304000, 312000, 320000, 328000, 336000, 344000], "final_sims": [0.8272358775138855, 0.8785160183906555, 0.9094952344894409, 0.9248618483543396, 0.9391400814056396, 0.9485640525817871, 0.9532597661018372, 0.956145703792572, 0.9587203860282898, 0.9611636996269226, 0.9633587598800659, 0.9656058549880981, 0.9677950143814087, 0.9699426293373108, 0.9720640182495117, 0.9741341471672058, 0.9761243462562561, 0.9780129790306091, 0.9797989726066589, 0.9814984202384949, 0.9831059575080872, 0.9846429824829102, 0.9861049652099609, 0.9874918460845947, 0.9887993335723877, 0.990038275718689, 0.9912048578262329, 0.9922922849655151, 0.993307888507843, 0.9942550659179688, 0.9951227903366089, 0.9959155917167664, 0.9966384172439575, 0.997286319732666, 0.9978627562522888, 0.998367190361023, 0.9988025426864624, 0.9991685152053833, 0.9994664788246155, 0.9996989965438843, 0.9998653531074524, 0.9999678134918213, 1.0000054836273193], "consecutive_sims": [1.0, 0.9794129133224487, 0.9903315305709839, 0.9962654709815979, 0.9963802695274353, 0.9983507394790649, 0.9996078610420227, 0.999857485294342, 0.9998895525932312, 0.9999011754989624, 0.9999173879623413, 0.9999147653579712, 0.9999189972877502, 0.9999176859855652, 0.9999138116836548, 0.9999167323112488, 0.99992436170578, 0.9999301433563232, 0.9999368786811829, 0.9999406337738037, 0.9999432563781738, 0.9999457597732544, 0.9999479055404663, 0.9999493360519409, 0.9999510645866394, 0.9999538660049438, 0.9999547004699707, 0.9999557733535767, 0.9999563694000244, 0.9999592304229736, 0.9999615550041199, 0.9999624490737915, 0.999962568283081, 0.9999626278877258, 0.9999624490737915, 0.9999619722366333, 0.9999616742134094, 0.999963641166687, 0.9999638199806213, 0.9999627470970154, 0.9999633431434631, 0.9999664425849915, 0.9999678134918213], "norms": [9.046788215637207, 9.202643394470215, 9.202181816101074, 9.142353057861328, 9.117609977722168, 9.094428062438965, 9.072039604187012, 9.053231239318848, 9.036284446716309, 9.01855182647705, 8.99858570098877, 8.980888366699219, 8.963919639587402, 8.947142601013184, 8.93134593963623, 8.91533088684082, 8.899842262268066, 8.883654594421387, 8.8670072555542, 8.849798202514648, 8.83244800567627, 8.815084457397461, 8.797669410705566, 8.780694007873535, 8.763583183288574, 8.74732780456543, 8.731500625610352, 8.715568542480469, 8.700523376464844, 8.684991836547852, 8.669386863708496, 8.654431343078613, 8.640063285827637, 8.625643730163574, 8.611586570739746, 8.597994804382324, 8.584077835083008, 8.57097053527832, 8.558117866516113, 8.545720100402832, 8.532975196838379, 8.520787239074707, 8.509066581726074], "fidelity_scores": []}