{"steps": [8000, 16000, 24000, 32000, 40000, 48000, 56000, 64000, 72000, 80000, 88000, 96000, 104000, 112000, 120000, 128000, 136000, 144000, 152000, 160000, 168000, 176000, 184000, 192000, 200000, 208000, 216000, 224000, 232000, 240000, 248000, 256000, 264000, 272000, 280000, 288000, 296000, 304000, 312000, 320000, 328000, 336000, 344000], "final_sims": [0.7570786476135254, 0.8410450220108032, 0.8829134106636047, 0.9021527171134949, 0.917391836643219, 0.9274468421936035, 0.9331979751586914, 0.9368038177490234, 0.9400201439857483, 0.9430897235870361, 0.9456753134727478, 0.9485610723495483, 0.9513988494873047, 0.9542239904403687, 0.9570478796958923, 0.9598296880722046, 0.9625355005264282, 0.9651705622673035, 0.967711329460144, 0.9701751470565796, 0.9725778102874756, 0.9748828411102295, 0.9771113991737366, 0.9792413711547852, 0.9812848567962646, 0.9832437038421631, 0.9851114749908447, 0.9868760704994202, 0.9885451793670654, 0.9901132583618164, 0.991578221321106, 0.9929221868515015, 0.9941662549972534, 0.9952623248100281, 0.9962469935417175, 0.9971141219139099, 0.9978641867637634, 0.9985005259513855, 0.9990249872207642, 0.9994361400604248, 0.9997304081916809, 0.9999164342880249, 1.0000001192092896], "consecutive_sims": [1.0, 0.9524247050285339, 0.9811428189277649, 0.9928852915763855, 0.9934629201889038, 0.9974811673164368, 0.9992866516113281, 0.9997246861457825, 0.9997903108596802, 0.9998135566711426, 0.9998470544815063, 0.9998359084129333, 0.9998396635055542, 0.9998360276222229, 0.9998259544372559, 0.9998347759246826, 0.9998471736907959, 0.9998632669448853, 0.9998728632926941, 0.9998801350593567, 0.9998854994773865, 0.9998899102210999, 0.9998926520347595, 0.9998952150344849, 0.999897301197052, 0.9999003410339355, 0.9998995065689087, 0.9999028444290161, 0.9999037384986877, 0.9999054074287415, 0.9999040961265564, 0.999908447265625, 0.9999080300331116, 0.9999092817306519, 0.9999101758003235, 0.9999125003814697, 0.9999127984046936, 0.9999139904975891, 0.9999129772186279, 0.9999139904975891, 0.9999154806137085, 0.9999151229858398, 0.9999164342880249], "norms": [2.385357618331909, 2.687281847000122, 2.849696159362793, 2.925231695175171, 2.950873374938965, 2.9425995349884033, 2.9251270294189453, 2.9100301265716553, 2.8959107398986816, 2.8821935653686523, 2.868644952774048, 2.855478048324585, 2.8433098793029785, 2.8312976360321045, 2.81960129737854, 2.8079442977905273, 2.7963778972625732, 2.7850465774536133, 2.7738020420074463, 2.762667655944824, 2.751769781112671, 2.7410104274749756, 2.730787992477417, 2.7206432819366455, 2.710646390914917, 2.701146125793457, 2.6917388439178467, 2.682637929916382, 2.673874616622925, 2.665111780166626, 2.656564235687256, 2.6482627391815186, 2.6403510570526123, 2.632448673248291, 2.6248366832733154, 2.617419958114624, 2.6100893020629883, 2.6028237342834473, 2.596001386642456, 2.58915376663208, 2.582242488861084, 2.5759589672088623, 2.5695695877075195], "fidelity_scores": []}