{"steps": [8000, 16000, 24000, 32000, 40000, 48000, 56000, 64000, 72000, 80000, 88000, 96000, 104000, 112000, 120000, 128000, 136000, 144000, 152000, 160000, 168000, 176000, 184000, 192000, 200000, 208000, 216000, 224000, 232000, 240000, 248000, 256000, 264000, 272000, 280000, 288000, 296000, 304000, 312000, 320000, 328000, 336000, 344000], "final_sims": [0.8272309899330139, 0.8785127997398376, 0.9094916582107544, 0.9248570203781128, 0.939136266708374, 0.9485591650009155, 0.9532538652420044, 0.956141471862793, 0.9587159752845764, 0.9611584544181824, 0.9633541107177734, 0.9656018614768982, 0.967790424823761, 0.9699386954307556, 0.972059428691864, 0.9741288423538208, 0.9761190414428711, 0.9780092239379883, 0.9797935485839844, 0.9814943075180054, 0.9831016659736633, 0.9846383333206177, 0.986100435256958, 0.9874870777130127, 0.9887940883636475, 0.9900323152542114, 0.9911999702453613, 0.9922875165939331, 0.9933027029037476, 0.9942483305931091, 0.9951163530349731, 0.9959093928337097, 0.9966323375701904, 0.9972807765007019, 0.9978577494621277, 0.9983628988265991, 0.9987980127334595, 0.9991633296012878, 0.9994615316390991, 0.9996951818466187, 0.9998605251312256, 0.9999613165855408, 1.0], "consecutive_sims": [1.0, 0.9794089794158936, 0.990329384803772, 0.9962617754936218, 0.9963762760162354, 0.9983468055725098, 0.9996017217636108, 0.9998520612716675, 0.9998859167098999, 0.9998965263366699, 0.9999125003814697, 0.9999113082885742, 0.9999154806137085, 0.999914288520813, 0.9999104738235474, 0.999911904335022, 0.9999186992645264, 0.9999262094497681, 0.9999329447746277, 0.9999363422393799, 0.9999402761459351, 0.9999420046806335, 0.9999439120292664, 0.9999452233314514, 0.9999463558197021, 0.9999480247497559, 0.9999490976333618, 0.9999514222145081, 0.9999517202377319, 0.9999526143074036, 0.9999538064002991, 0.9999550580978394, 0.9999554753303528, 0.9999562501907349, 0.9999571442604065, 0.9999579191207886, 0.9999580979347229, 0.9999593496322632, 0.9999591708183289, 0.999959409236908, 0.9999600648880005, 0.9999604821205139, 0.9999613165855408], "norms": [9.0468168258667, 9.202651977539062, 9.202193260192871, 9.142375946044922, 9.117623329162598, 9.094450950622559, 9.07207202911377, 9.053247451782227, 9.036301612854004, 9.018576622009277, 8.998604774475098, 8.980901718139648, 8.963937759399414, 8.947154998779297, 8.931364059448242, 8.915355682373047, 8.899867057800293, 8.883665084838867, 8.867032051086426, 8.849811553955078, 8.832462310791016, 8.815102577209473, 8.797686576843262, 8.780713081359863, 8.763606071472168, 8.747356414794922, 8.731520652770996, 8.71558666229248, 8.700545310974121, 8.685027122497559, 8.669419288635254, 8.654462814331055, 8.640092849731445, 8.6256685256958, 8.61160659790039, 8.59800910949707, 8.584094047546387, 8.570991516113281, 8.558136940002441, 8.545729637145996, 8.53299331665039, 8.520819664001465, 8.509089469909668], "fidelity_scores": [18.35050862450243, 76.71690590111643, 82.67000835421887, 83.85087719298247, 91.65413533834587, 86.02631578947368, 95.76023391812866, 84.15204678362572, 97.3654970760234, 94.18128654970761, 99.44444444444444, 98.94736842105264, 96.31286549707603, 90.0, 97.39181286549707, 99.47368421052632, 90.89473684210526, 88.94736842105264, 91.97368421052632, 98.91812865497076, 95.44736842105263, 96.36842105263158, 89.47368421052632, 100.0, 85.15789473684212, 87.36842105263158, 97.89473684210527, 83.99999999999999, 89.97368421052633, 92.5, 99.47368421052632, 95.5, 100.0, 97.89473684210527, 99.49999999999999, 92.54761904761905, 98.42105263157895, 98.38888888888889, 91.5, 94.73684210526315, 100.0, 92.0, 100.0]}