{"steps": [8000, 16000, 24000, 32000, 40000, 48000, 56000, 64000, 72000, 80000, 88000, 96000, 104000, 112000, 120000, 128000, 136000, 144000, 152000, 160000, 168000, 176000, 184000, 192000, 200000, 208000, 216000, 224000, 232000, 240000, 248000, 256000, 264000, 272000, 280000, 288000, 296000, 304000, 312000, 320000, 328000, 336000, 344000], "final_sims": [0.9184907674789429, 0.9419169425964355, 0.9543917179107666, 0.9601092338562012, 0.9659719467163086, 0.9705668687820435, 0.9729738831520081, 0.9743148684501648, 0.975670337677002, 0.9768428802490234, 0.9780410528182983, 0.9791761040687561, 0.9803164005279541, 0.9813991189002991, 0.9824002385139465, 0.9833895564079285, 0.9842883944511414, 0.9851763844490051, 0.9861339926719666, 0.986991822719574, 0.9879409074783325, 0.9887722730636597, 0.989637017250061, 0.9905399680137634, 0.9912828207015991, 0.9921179413795471, 0.9928971529006958, 0.9936242699623108, 0.9944039583206177, 0.9950721859931946, 0.9957681894302368, 0.9964008927345276, 0.9969800114631653, 0.9975168108940125, 0.9980382919311523, 0.998488187789917, 0.9988546371459961, 0.9992010593414307, 0.9994705319404602, 0.9996985197067261, 0.9998531341552734, 0.9999619722366333, 0.9999997615814209], "consecutive_sims": [1.0, 0.9939640164375305, 0.9964455366134644, 0.9987061023712158, 0.9985283613204956, 0.9993182420730591, 0.9998143315315247, 0.9999344348907471, 0.9999455809593201, 0.9999532699584961, 0.9999607801437378, 0.9999560117721558, 0.9999573230743408, 0.9999611973762512, 0.9999622702598572, 0.9999633431434631, 0.9999675750732422, 0.9999692440032959, 0.9999672770500183, 0.9999690055847168, 0.9999660849571228, 0.9999678134918213, 0.9999665021896362, 0.9999658465385437, 0.999971866607666, 0.9999666810035706, 0.9999668598175049, 0.9999678134918213, 0.9999637603759766, 0.9999692440032959, 0.9999632835388184, 0.9999627470970154, 0.9999642372131348, 0.9999650120735168, 0.99996018409729, 0.9999611973762512, 0.9999635815620422, 0.9999593496322632, 0.9999631643295288, 0.9999580383300781, 0.9999628663063049, 0.9999532699584961, 0.9999619722366333], "norms": [0.3827672004699707, 0.3597462773323059, 0.34549012780189514, 0.33518415689468384, 0.3292098939418793, 0.3255271017551422, 0.32305845618247986, 0.32127615809440613, 0.31963440775871277, 0.31760239601135254, 0.3163476586341858, 0.31425219774246216, 0.3123428523540497, 0.3104064464569092, 0.3085211515426636, 0.3066425025463104, 0.30477216839790344, 0.30305612087249756, 0.3012259900569916, 0.29938584566116333, 0.29769739508628845, 0.29552191495895386, 0.2935287058353424, 0.2917472720146179, 0.2898661494255066, 0.2879340946674347, 0.28604283928871155, 0.2841067314147949, 0.28256791830062866, 0.28054699301719666, 0.27887222170829773, 0.27696919441223145, 0.2751854956150055, 0.2735081911087036, 0.2719815671443939, 0.27035531401634216, 0.268655002117157, 0.2669122517108917, 0.265261173248291, 0.26378539204597473, 0.2622537910938263, 0.26079025864601135, 0.2594113349914551], "fidelity_scores": []}