{"steps": [8000, 16000, 24000, 32000, 40000, 48000, 56000, 64000, 72000, 80000, 88000, 96000, 104000, 112000, 120000, 128000, 136000, 144000, 152000, 160000, 168000, 176000, 184000, 192000, 200000, 208000, 216000, 224000, 232000, 240000, 248000, 256000, 264000, 272000, 280000, 288000, 296000, 304000, 312000, 320000, 328000, 336000, 344000], "final_sims": [0.7546916007995605, 0.8252648115158081, 0.8727988004684448, 0.8952376246452332, 0.9086531400680542, 0.9170029163360596, 0.922825276851654, 0.9267909526824951, 0.9306139945983887, 0.9345004558563232, 0.9382449388504028, 0.9420943856239319, 0.9459168910980225, 0.9497113227844238, 0.9535134434700012, 0.9571443796157837, 0.9605870246887207, 0.9638253450393677, 0.9669098854064941, 0.9697973728179932, 0.9725798964500427, 0.9752524495124817, 0.9777990579605103, 0.9801830649375916, 0.9824110269546509, 0.9844896793365479, 0.9864411354064941, 0.9882176518440247, 0.9898949861526489, 0.991414487361908, 0.9927875399589539, 0.9940335154533386, 0.9951554536819458, 0.9961296916007996, 0.996992826461792, 0.9977357387542725, 0.9983602166175842, 0.9988674521446228, 0.9992817640304565, 0.9996006488800049, 0.9998233318328857, 0.9999561905860901, 0.9999998807907104], "consecutive_sims": [1.0, 0.9725325703620911, 0.984510064125061, 0.9937601089477539, 0.9968944191932678, 0.9988502860069275, 0.9996129274368286, 0.9998572468757629, 0.9998841285705566, 0.9998847246170044, 0.9998946189880371, 0.9998829364776611, 0.9998816251754761, 0.9998795986175537, 0.9998750686645508, 0.9998774528503418, 0.999880313873291, 0.9998890161514282, 0.9998936653137207, 0.9999020099639893, 0.9999039173126221, 0.9999046921730042, 0.9999059438705444, 0.9999099969863892, 0.9999140501022339, 0.9999176859855652, 0.9999183416366577, 0.999923586845398, 0.9999228715896606, 0.9999276399612427, 0.9999308586120605, 0.9999328255653381, 0.9999349117279053, 0.999940037727356, 0.9999410510063171, 0.9999438524246216, 0.9999473094940186, 0.9999516010284424, 0.9999517798423767, 0.9999531507492065, 0.9999545812606812, 0.9999554753303528, 0.9999561905860901], "norms": [20.438467025756836, 21.500600814819336, 21.711639404296875, 21.651477813720703, 21.56590461730957, 21.49411964416504, 21.441890716552734, 21.402929306030273, 21.36109161376953, 21.31643295288086, 21.26970863342285, 21.220205307006836, 21.170785903930664, 21.123334884643555, 21.079696655273438, 21.036558151245117, 20.997066497802734, 20.957637786865234, 20.9201717376709, 20.882518768310547, 20.8492374420166, 20.818166732788086, 20.790447235107422, 20.765233993530273, 20.741788864135742, 20.720130920410156, 20.700132369995117, 20.681425094604492, 20.665145874023438, 20.65043067932129, 20.636091232299805, 20.625741958618164, 20.620031356811523, 20.61463165283203, 20.610475540161133, 20.6068058013916, 20.60456657409668, 20.602123260498047, 20.599960327148438, 20.598560333251953, 20.595767974853516, 20.592819213867188, 20.589067459106445], "fidelity_scores": []}